{"Average Reward": 0.4117647058823529, "Average Episode Length": 0.4117647058823529, "Episodes": 17, "_timestamp": 1650906977, "_runtime": 32, "_step": 194, "_wandb": {"runtime": 30}}